{"sayednadim_DITM": {"valid_runtime": [186.85714721679688, 7.855040073394775, 7.746240139007568, 7.494880199432373, 7.658271789550781, 7.754303932189941, 7.7109761238098145, 5.579775810241699, 5.009888172149658, 5.941760063171387], "valid_psnr": [7.58249467177283, 14.95130651735719, 3.615175646379462, 9.951410956267033, 3.0995580824222118, 5.879488937521696, 12.093188782049163, 3.7546701666028093, 5.260972254292916, 11.460803100034596], "valid_memory": 99.03955078125, "valid_ave_runtime": 24.960828351974488, "valid_ave_psnr": 7.76490691146999, "activations": 85.286912, "num_conv": 81, "flops": 25.641574832, "num_parameters": 1.973665}, "01_ditm": {"valid_runtime": [150.44924926757812, 4.971615791320801, 5.3592000007629395, 5.767648220062256, 5.257503986358643, 5.542399883270264, 5.157440185546875, 5.3155198097229, 5.54691219329834, 5.239903926849365], "valid_psnr": [19.45169610949522, 26.820278039752804, 15.484370886230971, 21.820737718286374, 14.968753387192331, 17.7487444831938, 23.962716864635667, 15.624243016663101, 17.130254284714017, 23.330379186353074], "valid_memory": 99.03955078125, "valid_ave_runtime": 19.860739326477052, "valid_ave_psnr": 19.63421739765174, "activations": 85.286912, "num_conv": 81, "flops": 25.641574832, "num_parameters": 1.973665}}