{"01_ditm": {"valid_runtime": [160.8453369140625, 5.782048225402832, 5.547935962677002, 5.601632118225098, 5.391808032989502, 5.420415878295898, 5.6263041496276855, 4.997151851654053, 6.511744022369385, 4.994080066680908], "valid_psnr": [19.45169610949522, 26.820278039752804, 15.484370886230971, 21.820737718286374, 14.968753387192331, 17.7487444831938, 23.962716864635667, 15.624243016663101, 17.130254284714017, 23.330379186353074], "valid_memory": 99.03955078125, "valid_ave_runtime": 21.071845722198486, "valid_ave_psnr": 19.63421739765174, "activations": 85.286912, "num_conv": 81, "flops": 25.641574832, "num_parameters": 1.973665}}