{"sayednadim_DITM": {"valid_runtime": [186.85714721679688, 7.855040073394775, 7.746240139007568, 7.494880199432373, 7.658271789550781, 7.754303932189941, 7.7109761238098145, 5.579775810241699, 5.009888172149658, 5.941760063171387], "valid_psnr": [7.58249467177283, 14.95130651735719, 3.615175646379462, 9.951410956267033, 3.0995580824222118, 5.879488937521696, 12.093188782049163, 3.7546701666028093, 5.260972254292916, 11.460803100034596], "valid_memory": 99.03955078125, "valid_ave_runtime": 24.960828351974488, "valid_ave_psnr": 7.76490691146999, "activations": 85.286912, "num_conv": 81, "flops": 25.641574832, "num_parameters": 1.973665}}